Mon super auteur,Ma super description
Mon super auteur,Ma super description
Mon super auteur,Ma super description
Mon super auteur,Ma super description
Mon super auteur,Ma super description
Mon super auteur,Ma super description
Mon super auteur,Ma super description
Mon super auteur,Ma super description
Mon super auteur,Ma super description
Mon super auteur,Ma super description
Mon super auteur,Ma super description
@author,@content
@author,@content
@author,@content
@author,@content
@author,@content
@author,@content
@author,@content
@author,@content
@author,@content
@author,@content
@author,@content
alain,test csv
